id,data,cliente_id,tipo,valor,descricao,categoria
1,2026-01-05,CLI001,credito,3500.00,Salário janeiro,salario
2,2026-01-12,CLI002,debito,180.50,Supermercado,compra
3,2026-01-20,CLI001,debito,abc,Erro de sistema,compra
4,2026-02-03,,debito,200.00,Sem cliente,transferencia
5,2026-02-14,CLI003,credito,15000.00,Transferência suspeita,transferencia
6,2026-02-18,CLI002,debito,320.00,Conta de luz,conta
7,2026-03-01,CLI001,credito,3500.00,Salário março,salario
8,2026-03-10,CLI003,debito,99.90,Streaming,assinatura
9,2026-02-20,CLI004,debito,1250.00,Aluguel,conta
10,2026-02-25,CLI001,credito,3500.00,Salário fevereiro,salario
11,2026-02-27,CLI005,debito,10000.00,"Entrada de imóvel, parcela única",transferencia
12,2026-03-15,CLI004,credito,12500.00,Venda de veículo,transferencia
13,2026-03-22,CLI002,debito,450.75,Farmácia,compra
14,2026-03-28,CLI005,credito,2800.00,Salário março,salario
15,2026-04-02,CLI003,debito,89.90,Internet,conta
16,2026-04-05,CLI001,credito,3500.00,Salário abril,salario
17,2026-04-11,CLI002,debito,25000.00,Transferência internacional,transferencia
18,2026-04-18,CLI004,debito,612.30,"Mercado, feira e padaria",compra
19,2026-04-25,CLI005,credito,1500.00,Freelance,transferencia
20,2026-04-30,CLI003,debito,39.90,Streaming,assinatura
21,2026/03/10,CLI001,debito,50.00,Data com barras,compra
22,2026-1-5,CLI002,credito,100.00,Data sem zero à esquerda,transferencia
23,2026-02-30,CLI003,debito,75.00,Data inexistente,compra
,2026-03-12,CLI004,debito,60.00,Sem id,compra
abc,2026-03-13,CLI004,debito,60.00,Id não numérico,compra
24,2026-03-14,   ,credito,300.00,Cliente só com espaços,transferencia
25,2026-03-16,CLI005,transferencia,300.00,Tipo inválido,transferencia
26,2026-03-18,CLI001,debito,0,Valor zero,compra
27,2026-03-19,CLI002,debito,-50.00,Valor negativo,compra
28,2026-03-20,CLI003,credito,"1500,00",Valor com vírgula decimal,transferencia
29,2026-03-21,CLI004,credito,nan,Valor NaN,transferencia
30,2026-03-23,CLI005,credito,inf,Valor infinito,transferencia
